PassengerId,Survived,Pclass,Sex,Age,Fare,Embarked,Title,Family
1,0.0,3,0,2,1,0,1,1
2,1.0,1,1,3,3,2,3,1
3,1.0,3,1,2,1,0,2,0
4,1.0,1,1,3,3,0,3,1
5,0.0,3,0,3,1,0,1,0
6,0.0,3,0,2,1,1,1,0
7,0.0,1,0,5,3,0,1,0
8,0.0,3,0,0,2,0,4,2
9,1.0,3,1,2,1,0,3,1
10,1.0,2,1,1,2,2,3,1
11,1.0,3,1,0,2,0,2,1
12,1.0,1,1,5,2,0,2,0
13,0.0,3,0,1,1,0,1,0
14,0.0,3,0,3,2,0,1,2
15,0.0,3,1,1,1,0,2,0
16,1.0,2,1,5,2,0,3,0
17,0.0,3,0,0,2,1,4,2
18,1.0,2,0,2,2,0,1,0
19,0.0,3,1,3,2,0,3,1
20,1.0,3,1,2,1,2,3,0
21,0.0,2,0,3,2,0,1,0
22,1.0,2,0,3,2,0,1,0
23,1.0,3,1,1,1,1,2,0
24,1.0,1,0,2,2,0,1,0
25,0.0,3,1,0,2,0,2,2
26,1.0,3,1,3,2,0,3,2
27,0.0,3,0,2,1,2,1,0
28,0.0,1,0,1,4,0,1,2
29,1.0,3,1,2,1,1,2,0
30,0.0,3,0,2,1,0,1,0
31,0.0,1,0,3,2,2,5,0
32,1.0,1,1,3,4,2,3,1
33,1.0,3,1,2,1,1,2,0
34,0.0,2,0,6,1,0,1,0
35,0.0,1,0,2,3,2,1,1
36,0.0,1,0,4,3,0,1,1
37,1.0,3,0,2,1,2,1,0
38,0.0,3,0,2,1,0,1,0
39,0.0,3,1,1,2,0,2,1
40,1.0,3,1,1,2,2,2,1
41,0.0,3,1,3,1,0,3,1
42,0.0,2,1,2,2,0,3,1
43,0.0,3,0,2,1,2,1,0
44,1.0,2,1,0,3,2,2,1
45,1.0,3,1,1,1,1,2,0
46,0.0,3,0,2,1,0,1,0
47,0.0,3,0,2,2,1,1,1
48,1.0,3,1,2,1,1,2,0
49,0.0,3,0,2,2,2,1,1
50,0.0,3,1,1,2,0,3,1
51,0.0,3,0,0,2,0,4,2
52,0.0,3,0,2,1,0,1,0
53,1.0,1,1,4,3,2,3,1
54,1.0,2,1,2,2,0,3,1
55,0.0,1,0,6,3,2,1,1
56,1.0,1,0,3,2,0,1,0
57,1.0,2,1,2,1,0,2,0
58,0.0,3,0,2,1,2,1,0
59,1.0,2,1,0,2,0,2,1
60,0.0,3,0,1,3,0,4,2
61,0.0,3,0,2,1,2,1,0
62,1.0,1,1,3,3,0,2,0
63,0.0,1,0,4,3,0,1,1
64,0.0,3,0,0,2,0,4,2
65,0.0,1,0,3,2,2,1,0
66,1.0,3,0,2,2,2,4,1
67,1.0,2,1,2,1,0,3,0
68,0.0,3,0,1,1,0,1,0
69,1.0,3,1,1,1,0,2,2
70,0.0,3,0,2,1,0,1,1
71,0.0,2,0,3,1,0,1,0
72,0.0,3,1,1,3,0,2,2
73,0.0,2,0,2,3,0,1,0
74,0.0,3,0,2,2,2,1,1
75,1.0,3,0,3,3,0,1,0
76,0.0,3,0,2,1,0,1,0
77,0.0,3,0,2,1,0,1,0
78,0.0,3,0,2,1,0,1,0
79,1.0,2,0,0,2,0,4,1
80,1.0,3,1,2,2,0,2,0
81,0.0,3,0,2,1,0,1,0
82,1.0,3,0,2,1,0,1,0
83,1.0,3,1,2,1,1,2,0
84,0.0,1,0,2,3,0,1,0
85,1.0,2,1,1,1,0,2,0
86,1.0,3,1,3,2,0,3,1
87,0.0,3,0,1,2,0,1,2
88,0.0,3,0,2,1,0,1,0
89,1.0,1,1,2,4,0,2,2
90,0.0,3,0,2,1,0,1,0
91,0.0,3,0,2,1,0,1,0
92,0.0,3,0,1,1,0,1,0
93,0.0,1,0,4,3,0,1,1
94,0.0,3,0,2,2,0,1,1
95,0.0,3,0,5,1,0,1,0
96,0.0,3,0,2,1,0,1,0
97,0.0,1,0,7,2,2,1,0
98,1.0,1,0,2,3,2,1,1
99,1.0,2,1,3,2,0,3,1
100,0.0,2,0,3,2,0,1,1
101,0.0,3,1,2,1,0,2,0
102,0.0,3,0,2,1,0,1,0
103,0.0,1,0,2,3,0,1,1
104,0.0,3,0,3,1,0,1,0
105,0.0,3,0,3,1,0,1,1
106,0.0,3,0,2,1,0,1,0
107,1.0,3,1,2,1,0,2,0
108,1.0,3,0,2,1,0,1,0
109,0.0,3,0,3,1,0,1,0
110,1.0,3,1,2,2,1,2,1
111,0.0,1,0,4,3,0,1,0
112,0.0,3,1,1,2,2,2,1
113,0.0,3,0,2,1,0,1,0
114,0.0,3,1,1,1,0,2,1
115,0.0,3,1,1,2,2,2,0
116,0.0,3,0,2,1,0,1,0
117,0.0,3,0,6,1,1,1,0
118,0.0,2,0,2,2,0,1,1
119,0.0,1,0,2,4,2,1,1
120,0.0,3,1,0,2,0,2,2
121,0.0,2,0,2,3,0,1,1
122,0.0,3,0,2,1,0,1,0
123,0.0,2,0,3,2,2,1,1
124,1.0,2,1,3,2,0,2,0
125,0.0,1,0,5,3,0,1,1
126,1.0,3,0,1,2,2,4,1
127,0.0,3,0,2,1,1,1,0
128,1.0,3,0,2,1,0,1,0
129,1.0,3,1,2,2,2,2,1
130,0.0,3,0,4,1,0,1,0
131,0.0,3,0,3,1,2,1,0
132,0.0,3,0,1,1,0,1,0
133,0.0,3,1,4,2,0,3,1
134,1.0,2,1,2,2,0,3,1
135,0.0,2,0,2,2,0,1,0
136,0.0,2,0,2,2,2,1,0
137,1.0,1,1,1,2,0,2,1
138,0.0,1,0,3,3,0,1,1
139,0.0,3,0,1,1,0,1,0
140,0.0,1,0,2,3,2,1,0
141,0.0,3,1,2,2,2,3,1
142,1.0,3,1,2,1,0,2,0
143,1.0,3,1,2,2,0,3,1
144,0.0,3,0,1,1,1,1,0
145,0.0,2,0,1,2,0,1,0
146,0.0,2,0,1,2,0,1,1
147,1.0,3,0,2,1,0,1,0
148,0.0,3,1,0,2,0,2,2
149,0.0,2,0,3,2,0,1,1
150,0.0,2,0,4,2,0,5,0
151,0.0,2,0,5,2,0,5,0
152,1.0,1,1,2,3,0,3,1
153,0.0,3,0,5,1,0,1,0
154,0.0,3,0,3,2,0,1,1
155,0.0,3,0,2,1,0,1,0
156,0.0,1,0,5,3,2,1,1
157,1.0,3,1,1,1,1,2,0
158,0.0,3,0,2,1,0,1,0
159,0.0,3,0,2,1,0,1,0
160,0.0,3,0,2,3,0,4,2
161,0.0,3,0,4,2,0,1,1
162,1.0,2,1,3,2,0,3,0
163,0.0,3,0,2,1,0,1,0
164,0.0,3,0,1,1,0,1,0
165,0.0,3,0,0,2,0,4,2
166,1.0,3,0,0,2,0,4,1
167,1.0,1,1,3,3,0,3,1
168,0.0,3,1,4,2,0,3,2
169,0.0,1,0,3,2,0,1,0
170,0.0,3,0,2,3,0,1,0
171,0.0,1,0,6,2,0,1,0
172,0.0,3,0,0,2,1,4,2
173,1.0,3,1,0,1,0,2,1
174,0.0,3,0,2,1,0,1,0
175,0.0,1,0,5,2,2,1,0
176,0.0,3,0,1,1,0,1,1
177,0.0,3,0,2,2,0,4,2
178,0.0,1,1,4,2,2,2,0
179,0.0,2,0,2,2,0,1,0
180,0.0,3,0,3,0,0,1,0
181,0.0,3,1,2,3,0,2,2
182,0.0,2,0,2,2,2,1,0
183,0.0,3,0,0,2,0,4,2
184,1.0,2,0,0,2,0,4,1
185,1.0,3,1,0,2,0,2,1
186,0.0,1,0,3,3,0,1,0
187,1.0,3,1,2,2,1,3,1
188,1.0,1,0,4,2,0,1,0
189,0.0,3,0,3,2,1,1,1
190,0.0,3,0,3,1,0,1,0
191,1.0,2,1,3,2,0,3,0
192,0.0,2,0,1,2,0,1,0
193,1.0,3,1,1,1,0,2,1
194,1.0,2,0,0,2,0,4,1
195,1.0,1,1,4,2,2,3,0
196,1.0,1,1,5,4,2,2,0
197,0.0,3,0,2,1,1,1,0
198,0.0,3,0,4,1,0,1,1
199,1.0,3,1,2,1,1,2,0
200,0.0,2,1,2,2,0,2,0
201,0.0,3,0,2,1,0,1,0
202,0.0,3,0,2,3,0,1,2
203,0.0,3,0,3,1,0,1,0
204,0.0,3,0,4,1,2,1,0
205,1.0,3,0,1,1,0,1,0
206,0.0,3,1,0,1,0,2,1
207,0.0,3,0,3,2,0,1,1
208,1.0,3,0,2,2,2,1,0
209,1.0,3,1,1,1,1,2,0
210,1.0,1,0,3,2,2,1,0
211,0.0,3,0,2,1,0,1,0
212,1.0,2,1,3,2,0,2,0
213,0.0,3,0,2,1,0,1,0
214,0.0,2,0,2,2,0,1,0
215,0.0,3,0,2,1,1,1,1
216,1.0,1,1,3,3,2,2,1
217,1.0,3,1,2,1,0,2,0
218,0.0,2,0,4,2,0,1,1
219,1.0,1,1,3,3,2,2,0
220,0.0,2,0,2,1,0,1,0
221,1.0,3,0,1,1,0,1,0
222,0.0,2,0,2,2,0,1,0
223,0.0,3,0,5,1,0,1,0
224,0.0,3,0,2,1,0,1,0
225,1.0,1,0,3,3,0,1,1
226,0.0,3,0,2,1,0,1,0
227,1.0,2,0,1,1,0,1,0
228,0.0,3,0,1,1,0,1,0
229,0.0,2,0,1,2,0,1,0
230,0.0,3,1,2,2,0,2,2
231,1.0,1,1,3,3,0,3,1
232,0.0,3,0,2,1,0,1,0
233,0.0,2,0,5,2,0,1,0
234,1.0,3,1,0,2,0,2,2
235,0.0,2,0,2,1,0,1,0
236,0.0,3,1,2,1,0,2,0
237,0.0,2,0,4,2,0,1,1
238,1.0,2,1,0,2,0,2,1
239,0.0,2,0,1,1,0,1,0
240,0.0,2,0,3,2,0,1,0
241,0.0,3,1,2,2,2,2,1
242,1.0,3,1,2,2,1,2,1
243,0.0,2,0,2,1,0,1,0
244,0.0,3,0,2,1,0,1,0
245,0.0,3,0,2,1,2,1,0
246,0.0,1,0,4,3,1,5,1
247,0.0,3,1,2,1,0,2,0
248,1.0,2,1,2,2,0,3,1
249,1.0,1,0,3,3,0,1,1
250,0.0,2,0,5,2,0,5,1
251,0.0,3,0,2,1,0,1,0
252,0.0,3,1,2,1,0,3,1
253,0.0,1,0,6,2,0,1,0
254,0.0,3,0,2,2,0,1,1
255,0.0,3,1,4,2,0,3,1
256,1.0,3,1,2,2,2,3,1
257,1.0,1,1,3,3,2,3,0
258,1.0,1,1,2,3,0,2,0
259,1.0,1,1,3,4,2,2,0
260,1.0,2,1,4,2,0,3,1
261,0.0,3,0,2,1,1,1,0
262,1.0,3,0,0,2,0,4,2
263,0.0,1,0,5,3,0,1,1
264,0.0,1,0,3,0,0,1,0
265,0.0,3,1,2,1,1,2,0
266,0.0,2,0,3,1,0,1,0
267,0.0,3,0,1,2,0,1,2
268,1.0,3,0,2,1,0,1,1
269,1.0,1,1,5,4,0,3,1
270,1.0,1,1,3,3,0,2,0
271,0.0,1,0,3,2,0,1,0
272,1.0,3,0,2,0,0,1,0
273,1.0,2,1,4,2,0,3,1
274,0.0,1,0,3,2,2,1,1
275,1.0,3,1,2,1,1,2,0
276,1.0,1,1,6,3,0,2,1
277,0.0,3,1,4,1,0,2,0
278,0.0,2,0,2,0,0,1,0
279,0.0,3,0,0,2,1,4,2
280,1.0,3,1,3,2,0,3,1
281,0.0,3,0,6,1,1,1,0
282,0.0,3,0,2,1,0,1,0
283,0.0,3,0,1,1,0,1,0
284,1.0,3,0,1,1,0,1,0
285,0.0,1,0,3,2,0,1,0
286,0.0,3,0,3,1,2,1,0
287,1.0,3,0,2,1,0,1,0
288,0.0,3,0,2,1,0,1,0
289,1.0,2,0,4,2,0,1,0
290,1.0,3,1,2,1,1,2,0
291,1.0,1,1,2,3,0,2,0
292,1.0,1,1,1,3,2,3,1
293,0.0,2,0,3,2,2,1,0
294,0.0,3,1,2,1,0,2,0
295,0.0,3,0,2,1,0,1,0
296,0.0,1,0,3,2,2,1,0
297,0.0,3,0,2,1,2,1,0
298,0.0,1,1,0,4,0,2,1
299,1.0,1,0,3,2,0,1,0
300,1.0,1,1,4,4,2,3,1
301,1.0,3,1,2,1,1,2,0
302,1.0,3,0,2,2,1,1,1
303,0.0,3,0,1,0,0,1,0
304,1.0,2,1,2,2,1,2,0
305,0.0,3,0,2,1,0,1,0
306,1.0,1,0,0,4,0,4,1
307,1.0,1,1,3,3,2,2,0
308,1.0,1,1,1,3,2,3,1
309,0.0,2,0,2,2,2,1,1
310,1.0,1,1,2,3,2,2,0
311,1.0,1,1,2,3,2,2,0
312,1.0,1,1,1,4,2,2,2
313,0.0,2,1,2,2,0,3,1
314,0.0,3,0,2,1,0,1,0
315,0.0,2,0,4,2,0,1,1
316,1.0,3,1,2,1,0,2,0
317,1.0,2,1,2,2,0,3,1
318,0.0,2,0,5,2,0,5,0
319,1.0,1,1,3,4,0,2,1
320,1.0,1,1,3,3,2,3,1
321,0.0,3,0,2,1,0,1,0
322,0.0,3,0,2,1,0,1,0
323,1.0,2,1,2,2,1,2,0
324,1.0,2,1,2,2,0,3,1
325,0.0,3,0,2,3,0,1,2
326,1.0,1,1,3,3,2,2,0
327,0.0,3,0,6,1,0,1,0
328,1.0,2,1,3,2,0,3,0
329,1.0,3,1,3,2,0,3,1
330,1.0,1,1,1,3,2,2,1
331,1.0,3,1,2,2,1,2,1
332,0.0,1,0,4,2,0,1,0
333,0.0,1,0,3,4,0,1,1
334,0.0,3,0,1,2,0,1,1
335,1.0,1,1,3,3,0,3,1
336,0.0,3,0,2,1,0,1,0
337,0.0,1,0,2,3,0,1,1
338,1.0,1,1,4,3,2,2,0
339,1.0,3,0,4,1,0,1,0
340,0.0,1,0,4,2,0,1,0
341,1.0,2,0,0,2,0,4,1
342,1.0,1,1,2,4,0,2,2
343,0.0,2,0,2,2,0,1,0
344,0.0,2,0,2,2,0,1,0
345,0.0,2,0,3,2,0,1,0
346,1.0,2,1,2,2,0,2,0
347,1.0,2,1,3,2,0,2,0
348,1.0,3,1,2,2,0,3,1
349,1.0,3,0,0,2,0,4,1
350,0.0,3,0,4,1,0,1,0
351,0.0,3,0,2,1,0,1,0
352,0.0,1,0,3,2,0,1,0
353,0.0,3,0,1,1,2,1,1
354,0.0,3,0,2,2,0,1,1
355,0.0,3,0,2,1,2,1,0
356,0.0,3,0,2,1,0,1,0
357,1.0,1,1,2,3,0,2,1
358,0.0,2,1,3,2,0,2,0
359,1.0,3,1,2,1,1,2,0
360,1.0,3,1,2,1,1,2,0
361,0.0,3,0,3,2,0,1,2
362,0.0,2,0,2,2,2,1,1
363,0.0,3,1,4,2,2,3,1
364,0.0,3,0,3,1,0,1,0
365,0.0,3,0,2,2,1,1,1
366,0.0,3,0,2,1,0,1,0
367,1.0,1,1,5,3,2,3,1
368,1.0,3,1,2,1,2,3,0
369,1.0,3,1,2,1,1,2,0
370,1.0,1,1,2,3,2,3,0
371,1.0,1,0,2,3,2,1,1
372,0.0,3,0,1,1,0,1,1
373,0.0,3,0,1,1,0,1,0
374,0.0,1,0,2,3,2,1,0
375,0.0,3,1,0,2,0,2,2
376,1.0,1,1,3,3,2,3,1
377,1.0,3,1,2,1,0,2,0
378,0.0,1,0,2,4,2,1,1
379,0.0,3,0,1,1,2,1,0
380,0.0,3,0,1,1,0,1,0
381,1.0,1,1,4,4,2,2,0
382,1.0,3,1,0,2,2,2,1
383,0.0,3,0,3,1,0,1,0
384,1.0,1,1,3,3,0,3,1
385,0.0,3,0,2,1,0,1,0
386,0.0,2,0,1,3,0,1,0
387,0.0,3,0,0,3,0,4,2
388,1.0,2,1,3,2,0,2,0
389,0.0,3,0,2,1,1,1,0
390,1.0,2,1,1,2,2,2,0
391,1.0,1,0,3,3,0,1,1
392,1.0,3,0,2,1,0,1,0
393,0.0,3,0,2,1,0,1,1
394,1.0,1,1,2,3,2,2,1
395,1.0,3,1,2,2,0,3,1
396,0.0,3,0,2,1,0,1,0
397,0.0,3,1,3,1,0,2,0
398,0.0,2,0,4,2,0,1,0
399,0.0,2,0,2,1,0,5,0
400,1.0,2,1,2,2,0,3,0
401,1.0,3,0,3,1,0,1,0
402,0.0,3,0,2,1,0,1,0
403,0.0,3,1,2,1,0,2,1
404,0.0,3,0,2,2,0,1,1
405,0.0,3,1,1,1,0,2,0
406,0.0,2,0,3,2,0,1,1
407,0.0,3,0,5,1,0,1,0
408,1.0,2,0,0,2,0,4,1
409,0.0,3,0,2,1,0,1,0
410,0.0,3,1,2,2,0,2,2
411,0.0,3,0,2,1,0,1,0
412,0.0,3,0,2,1,1,1,0
413,1.0,1,1,3,3,1,2,1
414,0.0,2,0,2,0,0,1,0
415,1.0,3,0,4,1,0,1,0
416,0.0,3,1,2,1,0,3,0
417,1.0,2,1,3,2,0,3,1
418,1.0,2,1,1,2,0,2,1
419,0.0,2,0,2,2,0,1,0
420,0.0,3,1,0,2,0,2,1
421,0.0,3,0,2,1,2,1,0
422,0.0,3,0,2,1,1,1,0
423,0.0,3,0,2,1,0,1,0
424,0.0,3,1,2,2,0,3,1
425,0.0,3,0,1,2,0,1,1
426,0.0,3,0,2,1,0,1,0
427,1.0,2,1,2,2,0,3,1
428,1.0,2,1,1,2,0,2,0
429,0.0,3,0,2,1,1,1,0
430,1.0,3,0,3,1,0,1,0
431,1.0,1,0,2,2,0,1,0
432,1.0,3,1,2,2,0,3,1
433,1.0,2,1,4,2,0,3,1
434,0.0,3,0,1,1,0,1,0
435,0.0,1,0,4,3,0,1,1
436,1.0,1,1,1,3,0,2,1
437,0.0,3,1,2,2,0,2,2
438,1.0,2,1,2,2,0,3,2
439,0.0,1,0,6,4,0,1,2
440,0.0,2,0,3,1,0,1,0
441,1.0,2,1,4,2,0,3,1
442,0.0,3,0,1,1,0,1,0
443,0.0,3,0,2,1,0,1,1
444,1.0,2,1,2,2,0,2,0
445,1.0,3,0,2,1,0,1,0
446,1.0,1,0,0,3,0,4,1
447,1.0,2,1,1,2,0,2,1
448,1.0,1,0,3,2,0,1,0
449,1.0,3,1,0,2,2,2,1
450,1.0,1,0,5,2,0,5,0
451,0.0,2,0,3,2,0,1,1
452,0.0,3,0,2,2,0,1,1
453,0.0,1,0,2,2,2,1,0
454,1.0,1,0,4,3,2,1,1
455,0.0,3,0,2,1,0,1,0
456,1.0,3,0,2,1,2,1,0
457,0.0,1,0,6,2,0,1,0
458,1.0,1,1,3,3,0,3,1
459,1.0,2,1,4,1,0,2,0
460,0.0,3,0,2,1,1,1,0
461,1.0,1,0,4,2,0,1,0
462,0.0,3,0,3,1,0,1,0
463,0.0,1,0,4,2,0,1,0
464,0.0,2,0,4,2,0,1,0
465,0.0,3,0,2,1,0,1,0
466,0.0,3,0,3,1,0,1,0
467,0.0,2,0,2,0,0,1,0
468,0.0,1,0,5,2,0,1,0
469,0.0,3,0,2,1,1,1,0
470,1.0,3,1,0,2,2,2,1
471,0.0,3,0,2,1,0,1,0
472,0.0,3,0,3,1,0,1,0
473,1.0,2,1,3,2,0,3,1
474,1.0,2,1,2,2,2,3,0
475,0.0,3,1,2,1,0,2,0
476,0.0,1,0,3,3,0,1,0
477,0.0,2,0,3,2,0,1,1
478,0.0,3,0,2,1,0,1,1
479,0.0,3,0,2,1,0,1,0
480,1.0,3,1,0,2,0,2,1
481,0.0,3,0,0,3,0,4,2
482,0.0,2,0,2,0,0,1,0
483,0.0,3,0,4,1,0,1,0
484,1.0,3,1,6,1,0,3,0
485,1.0,1,0,2,3,2,1,1
486,0.0,3,1,2,2,0,2,2
487,1.0,1,1,3,3,0,3,1
488,0.0,1,0,5,2,2,1,0
489,0.0,3,0,2,1,0,1,0
490,1.0,3,0,0,2,0,4,1
491,0.0,3,0,2,2,0,1,1
492,0.0,3,0,2,1,0,1,0
493,0.0,1,0,5,2,0,1,0
494,0.0,1,0,7,3,2,1,0
495,0.0,3,0,2,1,0,1,0
496,0.0,3,0,2,2,2,1,0
497,1.0,1,1,5,3,2,2,1
498,0.0,3,0,2,2,0,1,0
499,0.0,1,1,2,4,0,3,1
500,0.0,3,0,2,1,0,1,0
501,0.0,3,0,1,1,0,1,0
502,0.0,3,1,2,1,1,2,0
503,0.0,3,1,2,1,1,2,0
504,0.0,3,1,3,1,0,2,0
505,1.0,1,1,1,3,0,2,0
506,0.0,1,0,1,3,2,1,1
507,1.0,2,1,3,2,0,3,1
508,1.0,1,0,3,2,0,1,0
509,0.0,3,0,2,2,0,1,0
510,1.0,3,0,2,3,0,1,0
511,1.0,3,0,2,1,1,1,0
512,0.0,3,0,2,1,0,1,0
513,1.0,1,0,3,2,0,1,0
514,1.0,1,1,5,3,2,3,1
515,0.0,3,0,2,1,0,1,0
516,0.0,1,0,4,2,0,1,0
517,1.0,2,1,3,1,0,3,0
518,0.0,3,0,2,2,1,1,0
519,1.0,2,1,3,2,0,3,1
520,0.0,3,0,3,1,0,1,0
521,1.0,1,1,2,3,0,2,0
522,0.0,3,0,2,1,0,1,0
523,0.0,3,0,2,1,2,1,0
524,1.0,1,1,4,3,2,3,1
525,0.0,3,0,2,1,2,1,0
526,0.0,3,0,3,1,1,1,0
527,1.0,2,1,4,1,0,2,0
528,0.0,1,0,3,4,0,1,0
529,0.0,3,0,3,1,0,1,0
530,0.0,2,0,2,2,0,1,1
531,1.0,2,1,0,2,0,2,1
532,0.0,3,0,2,1,2,1,0
533,0.0,3,0,1,1,2,1,1
534,1.0,3,1,2,2,2,3,1
535,0.0,3,1,2,1,0,2,0
536,1.0,2,1,0,2,0,2,1
537,0.0,1,0,4,2,0,5,0
538,1.0,1,1,2,3,2,2,0
539,0.0,3,0,2,2,0,1,0
540,1.0,1,1,2,3,2,2,1
541,1.0,1,1,3,3,0,2,1
542,0.0,3,1,0,2,0,2,2
543,0.0,3,1,1,2,0,2,2
544,1.0,2,0,3,2,0,1,1
545,0.0,1,0,4,3,2,1,1
546,0.0,1,0,6,2,0,1,0
547,1.0,2,1,1,2,0,3,1
548,1.0,2,0,2,2,2,1,0
549,0.0,3,0,3,2,0,1,1
550,1.0,2,0,0,2,0,4,1
551,1.0,1,0,1,3,2,1,1
552,0.0,2,0,2,2,0,1,0
553,0.0,3,0,2,1,1,1,0
554,1.0,3,0,2,1,2,1,0
555,1.0,3,1,2,1,0,2,0
556,0.0,1,0,6,2,0,1,0
557,1.0,1,1,4,2,2,2,1
558,0.0,1,0,3,4,2,1,0
559,1.0,1,1,3,3,0,3,1
560,1.0,3,1,3,2,0,3,1
561,0.0,3,0,2,1,1,1,0
562,0.0,3,0,3,1,0,1,0
563,0.0,2,0,2,2,0,1,0
564,0.0,3,0,2,1,0,1,0
565,0.0,3,1,2,1,0,2,0
566,0.0,3,0,2,2,0,1,1
567,0.0,3,0,1,1,0,1,0
568,0.0,3,1,2,2,0,3,2
569,0.0,3,0,2,1,2,1,0
570,1.0,3,0,3,1,0,1,0
571,1.0,2,0,6,1,0,1,0
572,1.0,1,1,5,3,0,3,1
573,1.0,1,0,3,2,0,1,0
574,1.0,3,1,2,1,1,2,0
575,0.0,3,0,1,1,0,1,0
576,0.0,3,0,1,2,0,1,0
577,1.0,2,1,3,2,0,2,0
578,1.0,1,1,3,3,0,3,1
579,0.0,3,1,2,2,2,3,1
580,1.0,3,0,3,1,0,1,0
581,1.0,2,1,2,2,0,2,1
582,1.0,1,1,3,3,2,3,1
583,0.0,2,0,5,2,0,1,0
584,0.0,1,0,3,2,2,1,0
585,0.0,3,0,2,1,2,1,0
586,1.0,1,1,1,3,0,2,1
587,0.0,2,0,4,2,0,1,0
588,1.0,1,0,5,3,2,1,1
589,0.0,3,0,2,1,0,1,0
590,0.0,3,0,2,1,0,1,0
591,0.0,3,0,3,1,0,1,0
592,1.0,1,1,5,3,2,3,1
593,0.0,3,0,4,1,0,1,0
594,0.0,3,1,2,1,1,2,1
595,0.0,2,0,3,2,0,1,1
596,0.0,3,0,3,2,0,1,1
597,1.0,2,1,2,2,0,2,0
598,0.0,3,0,4,0,0,1,0
599,0.0,3,0,2,1,2,1,0
600,1.0,1,0,4,3,2,1,1
601,1.0,2,1,2,2,0,3,1
602,0.0,3,0,2,1,0,1,0
603,0.0,1,0,3,3,0,1,0
604,0.0,3,0,4,1,0,1,0
605,1.0,1,0,3,2,2,1,0
606,0.0,3,0,3,2,0,1,1
607,0.0,3,0,2,1,0,1,0
608,1.0,1,0,2,2,0,1,0
609,1.0,2,1,2,3,2,3,1
610,1.0,1,1,3,4,0,2,0
611,0.0,3,1,3,2,0,3,2
612,0.0,3,0,2,1,0,1,0
613,1.0,3,1,2,2,1,2,1
614,0.0,3,0,2,1,1,1,0
615,0.0,3,0,3,1,0,1,0
616,1.0,2,1,2,3,0,2,1
617,0.0,3,0,3,2,0,1,1
618,0.0,3,1,2,2,0,3,1
619,1.0,2,1,0,2,0,2,1
620,0.0,2,0,2,1,0,1,0
621,0.0,3,0,2,2,2,1,1
622,1.0,1,0,4,3,0,1,1
623,1.0,3,0,1,2,2,1,1
624,0.0,3,0,2,1,0,1,0
625,0.0,3,0,2,2,0,1,0
626,0.0,1,0,6,2,0,1,0
627,0.0,2,0,5,2,1,5,0
628,1.0,1,1,2,3,0,2,0
629,0.0,3,0,2,1,0,1,0
630,0.0,3,0,2,1,1,1,0
631,1.0,1,0,7,2,0,1,0
632,0.0,3,0,5,1,0,1,0
633,1.0,1,0,3,2,2,5,0
634,0.0,1,0,3,0,0,1,0
635,0.0,3,1,0,2,0,2,2
636,1.0,2,1,2,2,0,2,0
637,0.0,3,0,3,1,0,1,0
638,0.0,2,0,3,2,0,1,1
639,0.0,3,1,4,2,0,3,2
640,0.0,3,0,2,2,0,1,1
641,0.0,3,0,1,1,0,1,0
642,1.0,1,1,2,3,2,2,0
643,0.0,3,1,0,2,0,2,2
644,1.0,3,0,2,3,0,1,0
645,1.0,3,1,0,2,2,2,1
646,1.0,1,0,4,3,2,1,1
647,0.0,3,0,1,1,0,1,0
648,1.0,1,0,5,2,2,5,0
649,0.0,3,0,2,1,0,1,0
650,1.0,3,1,2,1,0,2,0
651,0.0,3,0,2,1,0,1,0
652,1.0,2,1,1,2,0,2,1
653,0.0,3,0,2,1,0,1,0
654,1.0,3,1,2,1,1,2,0
655,0.0,3,1,1,1,1,2,0
656,0.0,2,0,2,3,0,1,1
657,0.0,3,0,2,1,0,1,0
658,0.0,3,1,3,2,1,3,1
659,0.0,2,0,2,2,0,1,0
660,0.0,1,0,5,3,2,1,1
661,1.0,1,0,4,3,0,5,1
662,0.0,3,0,3,1,2,1,0
663,0.0,1,0,4,2,0,1,0
664,0.0,3,0,3,1,0,1,0
665,1.0,3,0,1,1,0,1,1
666,0.0,2,0,3,3,0,1,1
667,0.0,2,0,2,2,0,1,0
668,0.0,3,0,2,1,0,1,0
669,0.0,3,0,4,1,0,1,0
670,1.0,1,1,3,3,0,3,1
671,1.0,2,1,3,2,0,3,1
672,0.0,1,0,3,3,0,1,1
673,0.0,2,0,6,1,0,1,0
674,1.0,2,0,3,2,0,1,0
675,0.0,2,0,2,0,0,1,0
676,0.0,3,0,1,1,0,1,0
677,0.0,3,0,2,1,0,1,0
678,1.0,3,1,1,1,0,2,0
679,0.0,3,1,4,3,0,3,2
680,1.0,1,0,3,4,2,1,1
681,0.0,3,1,2,1,1,2,0
682,1.0,1,0,2,3,2,1,0
683,0.0,3,0,1,1,0,1,0
684,0.0,3,0,1,3,0,1,2
685,0.0,2,0,5,2,0,1,1
686,0.0,2,0,2,3,2,1,1
687,0.0,3,0,1,2,0,1,2
688,0.0,3,0,1,1,0,1,0
689,0.0,3,0,1,1,0,1,0
690,1.0,1,1,1,4,0,2,1
691,1.0,1,0,3,3,0,1,1
692,1.0,3,1,0,2,2,2,1
693,1.0,3,0,2,3,0,1,0
694,0.0,3,0,2,1,2,1,0
695,0.0,1,0,5,2,0,5,0
696,0.0,2,0,5,2,0,1,0
697,0.0,3,0,4,1,0,1,0
698,1.0,3,1,2,1,1,2,0
699,0.0,1,0,4,3,2,1,1
700,0.0,3,0,4,1,0,1,0
701,1.0,1,1,1,4,2,3,1
702,1.0,1,0,3,2,0,1,0
703,0.0,3,1,1,2,2,2,1
704,0.0,3,0,2,1,1,1,0
705,0.0,3,0,2,1,0,1,1
706,0.0,2,0,3,2,0,1,0
707,1.0,2,1,4,2,0,3,0
708,1.0,1,0,4,2,0,1,0
709,1.0,1,1,2,4,0,2,0
710,1.0,3,0,2,2,2,4,1
711,1.0,1,1,2,3,2,2,0
712,0.0,1,0,3,2,0,1,0
713,1.0,1,0,4,3,0,1,1
714,0.0,3,0,2,1,0,1,0
715,0.0,2,0,5,2,0,1,0
716,0.0,3,0,1,1,0,1,0
717,1.0,1,1,3,4,2,2,0
718,1.0,2,1,2,1,0,2,0
719,0.0,3,0,2,2,1,1,0
720,0.0,3,0,3,1,0,1,0
721,1.0,2,1,0,2,0,2,1
722,0.0,3,0,1,1,0,1,1
723,0.0,2,0,3,2,0,1,0
724,0.0,2,0,4,2,0,1,0
725,1.0,1,0,2,3,0,1,1
726,0.0,3,0,1,1,0,1,0
727,1.0,2,1,2,2,0,3,1
728,1.0,3,1,2,1,1,2,0
729,0.0,2,0,2,2,0,1,1
730,0.0,3,1,2,1,0,2,1
731,1.0,1,1,2,4,0,2,0
732,0.0,3,0,1,2,2,1,0
733,0.0,2,0,2,0,0,1,0
734,0.0,2,0,2,2,0,1,0
735,0.0,2,0,2,2,0,1,0
736,0.0,3,0,2,2,0,1,0
737,0.0,3,1,4,2,0,3,2
738,1.0,1,0,3,4,2,1,0
739,0.0,3,0,2,1,0,1,0
740,0.0,3,0,2,1,0,1,0
741,1.0,1,0,3,2,0,1,0
742,0.0,1,0,3,3,0,1,1
743,1.0,1,1,2,4,2,2,2
744,0.0,3,0,2,2,0,1,1
745,1.0,3,0,3,1,0,1,0
746,0.0,1,0,6,3,0,5,1
747,0.0,3,0,1,2,0,1,1
748,1.0,2,1,2,2,0,2,0
749,0.0,1,0,1,3,0,1,1
750,0.0,3,0,3,1,1,1,0
751,1.0,2,1,0,2,0,2,1
752,1.0,3,0,0,2,0,4,1
753,0.0,3,0,3,1,0,1,0
754,0.0,3,0,2,1,0,1,0
755,1.0,2,1,4,3,0,3,1
756,1.0,2,0,0,2,0,4,1
757,0.0,3,0,2,1,0,1,0
758,0.0,2,0,1,2,0,1,0
759,0.0,3,0,3,1,0,1,0
760,1.0,1,1,3,3,0,5,0
761,0.0,3,0,2,2,0,1,0
762,0.0,3,0,4,1,0,1,0
763,1.0,3,0,1,1,2,1,0
764,1.0,1,1,3,3,0,3,1
765,0.0,3,0,1,1,0,1,0
766,1.0,1,1,5,3,0,3,1
767,0.0,1,0,3,2,2,5,0
768,0.0,3,1,2,1,1,2,0
769,0.0,3,0,2,2,1,1,1
770,0.0,3,0,3,1,0,1,0
771,0.0,3,0,2,1,0,1,0
772,0.0,3,0,4,1,0,1,0
773,0.0,2,1,5,1,0,3,0
774,0.0,3,0,2,1,2,1,0
775,1.0,2,1,5,2,0,3,2
776,0.0,3,0,1,1,0,1,0
777,0.0,3,0,2,1,1,1,0
778,1.0,3,1,0,2,0,2,0
779,0.0,3,0,2,1,1,1,0
780,1.0,1,1,4,4,0,3,1
781,1.0,3,1,1,1,2,2,0
782,1.0,1,1,1,3,0,3,1
783,0.0,1,0,2,2,0,1,0
784,0.0,3,0,2,2,0,1,1
785,0.0,3,0,2,1,0,1,0
786,0.0,3,0,2,1,0,1,0
787,1.0,3,1,1,1,0,2,0
788,0.0,3,0,0,2,1,4,2
789,1.0,3,0,0,2,0,4,1
790,0.0,1,0,4,3,2,1,0
791,0.0,3,0,2,1,1,1,0
792,0.0,2,0,1,2,0,1,0
793,0.0,3,1,2,3,0,2,2
794,0.0,1,0,3,2,2,1,0
795,0.0,3,0,2,1,0,1,0
796,0.0,2,0,3,2,0,1,0
797,1.0,1,1,4,2,0,5,0
798,1.0,3,1,3,1,0,3,0
799,0.0,3,0,2,1,2,1,0
800,0.0,3,1,2,2,0,3,1
801,0.0,2,0,3,2,0,1,0
802,1.0,2,1,3,2,0,3,1
803,1.0,1,0,1,3,0,4,1
804,1.0,3,0,0,1,2,4,1
805,1.0,3,0,2,1,0,1,0
806,0.0,3,0,3,1,0,1,0
807,0.0,1,0,3,0,0,1,0
808,0.0,3,1,1,1,0,2,0
809,0.0,2,0,3,2,0,1,0
810,1.0,1,1,3,3,0,3,1
811,0.0,3,0,2,1,0,1,0
812,0.0,3,0,3,2,0,1,0
813,0.0,2,0,3,1,0,1,0
814,0.0,3,1,0,2,0,2,2
815,0.0,3,0,2,1,0,1,0
816,0.0,1,0,3,0,0,1,0
817,0.0,3,1,2,1,0,2,0
818,0.0,2,0,3,2,2,1,1
819,0.0,3,0,4,1,0,1,0
820,0.0,3,0,0,2,0,4,2
821,1.0,1,1,5,3,0,3,1
822,1.0,3,0,2,1,0,1,0
823,0.0,1,0,3,0,0,5,0
824,1.0,3,1,2,2,0,3,1
825,0.0,3,0,0,2,0,4,2
826,0.0,3,0,2,1,1,1,0
827,0.0,3,0,2,3,0,1,0
828,1.0,2,0,0,2,2,4,1
829,1.0,3,0,2,1,1,1,0
830,1.0,1,1,6,3,0,3,0
831,1.0,3,1,1,2,2,3,1
832,1.0,2,0,0,2,0,4,1
833,0.0,3,0,2,1,2,1,0
834,0.0,3,0,2,1,0,1,0
835,0.0,3,0,1,1,0,1,0
836,1.0,1,1,3,3,2,2,1
837,0.0,3,0,2,1,0,1,0
838,0.0,3,0,2,1,0,1,0
839,1.0,3,0,3,3,0,1,0
840,1.0,1,0,3,2,2,1,0
841,0.0,3,0,1,1,0,1,0
842,0.0,2,0,1,1,0,1,0
843,1.0,1,1,2,2,2,2,0
844,0.0,3,0,3,1,2,1,0
845,0.0,3,0,1,1,0,1,0
846,0.0,3,0,4,1,0,1,0
847,0.0,3,0,2,3,0,1,2
848,0.0,3,0,3,1,2,1,0
849,0.0,2,0,2,2,0,5,1
850,1.0,1,1,3,3,2,3,1
851,0.0,3,0,0,2,0,4,2
852,0.0,3,0,7,1,0,1,0
853,0.0,3,1,0,2,2,2,1
854,1.0,1,1,1,2,0,2,1
855,0.0,2,1,4,2,0,3,1
856,1.0,3,1,1,1,0,3,1
857,1.0,1,1,4,4,0,3,1
858,1.0,1,0,5,2,0,1,0
859,1.0,3,1,2,2,2,3,1
860,0.0,3,0,2,1,2,1,0
861,0.0,3,0,4,2,0,1,1
862,0.0,2,0,2,2,0,1,1
863,1.0,1,1,4,2,0,3,0
864,0.0,3,1,2,3,0,2,2
865,0.0,2,0,2,2,0,1,0
866,1.0,2,1,4,2,0,3,0
867,1.0,2,1,2,2,2,2,1
868,0.0,1,0,3,3,0,1,0
869,0.0,3,0,2,1,0,1,0
870,1.0,3,0,0,1,0,4,1
871,0.0,3,0,2,1,0,1,0
872,1.0,1,1,4,3,0,3,1
873,0.0,1,0,3,1,0,1,0
874,0.0,3,0,4,1,0,1,0
875,1.0,2,1,2,2,2,3,1
876,1.0,3,1,1,1,2,2,0
877,0.0,3,0,1,1,0,1,0
878,0.0,3,0,1,1,0,1,0
879,0.0,3,0,2,1,0,1,0
880,1.0,1,1,5,3,2,3,1
881,1.0,2,1,2,2,0,3,1
882,0.0,3,0,3,1,0,1,0
883,0.0,3,1,2,1,0,2,0
884,0.0,2,0,2,1,0,1,0
885,0.0,3,0,2,1,0,1,0
886,0.0,3,1,3,2,1,3,2
887,0.0,2,0,2,2,0,5,0
888,1.0,1,1,1,2,0,2,0
889,0.0,3,1,2,2,0,2,1
890,1.0,1,0,2,2,2,1,0
891,0.0,3,0,3,1,1,1,0
892,,3,0,3,1,1,1,0
893,,3,1,4,1,0,3,1
894,,2,0,6,1,1,1,0
895,,3,0,2,1,0,1,0
896,,3,1,2,2,0,3,1
897,,3,0,1,1,0,1,0
898,,3,1,2,1,1,2,0
899,,2,0,2,2,0,1,1
900,,3,1,1,1,2,3,0
901,,3,0,2,2,0,1,1
902,,3,0,2,1,0,1,0
903,,1,0,4,2,0,1,0
904,,1,1,2,3,0,3,1
905,,2,0,6,2,0,1,1
906,,1,1,4,3,0,3,1
907,,2,1,2,2,2,3,1
908,,2,0,3,2,1,1,0
909,,3,0,2,1,2,1,0
910,,3,1,2,1,0,2,1
911,,3,1,4,1,2,3,0
912,,1,0,5,3,2,1,1
913,,3,0,0,1,0,4,1
914,,1,1,4,2,0,3,0
915,,1,0,2,3,2,1,1
916,,1,1,4,4,2,3,2
917,,3,0,4,2,0,1,1
918,,1,1,2,3,2,2,1
919,,3,0,2,1,2,1,0
920,,1,0,4,2,0,1,0
921,,3,0,2,2,2,1,1
922,,2,0,4,2,0,1,1
923,,2,0,2,2,0,1,1
924,,3,1,3,2,0,3,1
925,,3,1,2,2,0,3,1
926,,1,0,2,3,2,1,1
927,,3,0,1,1,2,1,0
928,,3,1,2,1,0,2,0
929,,3,1,2,1,0,2,0
930,,3,0,2,1,0,1,0
931,,3,0,2,3,0,1,0
932,,3,0,3,2,2,1,1
933,,1,0,4,2,0,1,0
934,,3,0,4,1,0,1,0
935,,2,1,2,2,0,3,0
936,,1,1,4,3,0,3,1
937,,3,0,2,1,0,1,0
938,,1,0,4,2,2,1,0
939,,3,0,2,1,1,1,0
940,,1,1,5,3,2,3,0
941,,3,1,3,2,0,3,1
942,,1,0,2,3,0,1,1
943,,2,0,2,2,2,1,0
944,,2,1,1,2,0,2,1
945,,1,1,2,4,0,2,2
946,,2,0,2,2,2,1,0
947,,3,0,0,2,1,4,2
948,,3,0,3,1,0,1,0
949,,3,0,2,1,0,1,0
950,,3,0,2,2,0,1,1
951,,1,1,3,4,2,2,0
952,,3,0,1,1,0,1,0
953,,2,0,3,2,0,1,0
954,,3,0,1,1,0,1,0
955,,3,1,2,1,1,2,0
956,,1,0,1,4,2,4,2
957,,2,1,2,2,0,3,0
958,,3,1,1,1,1,2,0
959,,1,0,4,3,0,1,0
960,,1,0,3,2,2,1,0
961,,1,1,5,4,0,3,2
962,,3,1,2,1,1,2,0
963,,3,0,2,1,0,1,0
964,,3,1,2,1,0,2,0
965,,1,0,2,2,2,1,0
966,,1,1,3,4,2,2,0
967,,1,0,3,4,2,1,0
968,,3,0,2,1,0,1,0
969,,1,1,5,2,0,3,1
970,,2,0,2,2,0,1,0
971,,3,1,2,1,1,2,0
972,,3,0,0,2,2,4,1
973,,1,0,6,4,0,1,1
974,,1,0,4,2,0,1,0
975,,3,0,2,1,0,1,0
976,,2,0,2,1,1,1,0
977,,3,0,2,2,2,1,1
978,,3,1,2,1,1,2,0
979,,3,1,1,1,0,2,0
980,,3,1,2,1,1,2,0
981,,2,0,0,2,0,4,1
982,,3,1,2,2,0,3,1
983,,3,0,2,1,0,1,0
984,,1,1,2,3,0,3,1
985,,3,0,2,1,0,1,0
986,,1,0,2,2,2,1,0
987,,3,0,2,1,0,1,0
988,,1,1,7,3,0,3,1
989,,3,0,2,1,0,1,0
990,,3,1,1,1,0,2,0
991,,3,0,3,1,0,1,0
992,,1,1,4,3,2,3,1
993,,2,0,2,2,0,1,1
994,,3,0,2,1,1,1,0
995,,3,0,2,1,0,1,0
996,,3,1,1,1,2,3,1
997,,3,0,2,2,0,1,0
998,,3,0,2,1,1,1,0
999,,3,0,2,1,1,1,0
1000,,3,0,2,1,0,1,0
1001,,2,0,1,2,0,1,0
1002,,2,0,4,2,2,1,0
1003,,3,1,2,1,1,2,0
1004,,1,1,3,2,2,2,0
1005,,3,1,1,1,1,2,0
1006,,1,1,6,4,0,3,1
1007,,3,0,1,2,2,1,1
1008,,3,0,2,1,2,1,0
1009,,3,1,0,2,0,2,1
1010,,1,0,3,3,2,1,0
1011,,2,1,2,2,0,3,1
1012,,2,1,1,2,0,2,0
1013,,3,0,2,1,1,1,1
1014,,1,1,3,3,2,3,1
1015,,3,0,2,1,0,1,0
1016,,3,0,2,1,1,1,0
1017,,3,1,1,2,0,2,1
1018,,3,0,2,1,0,1,0
1019,,3,1,2,2,1,2,1
1020,,2,0,4,2,0,1,0
1021,,3,0,2,1,0,1,0
1022,,3,0,3,1,0,1,0
1023,,1,0,5,2,2,5,0
1024,,3,1,2,2,0,3,2
1025,,3,0,2,1,2,1,1
1026,,3,0,4,1,0,1,0
1027,,3,0,2,1,0,1,0
1028,,3,0,2,1,2,1,0
1029,,2,0,2,2,0,1,0
1030,,3,1,2,1,0,2,0
1031,,3,0,3,3,0,1,2
1032,,3,1,0,3,0,2,2
1033,,1,1,3,4,0,2,0
1034,,1,0,6,4,2,1,2
1035,,2,0,2,2,0,1,0
1036,,1,0,4,2,0,1,0
1037,,3,0,3,2,0,1,1
1038,,1,0,4,3,0,1,0
1039,,3,0,2,1,0,1,0
1040,,1,0,4,2,0,1,0
1041,,2,0,2,2,0,5,1
1042,,1,1,2,3,2,3,1
1043,,3,0,2,1,2,1,0
1044,,3,0,5,2,0,1,0
1045,,3,1,3,2,0,3,1
1046,,3,0,1,2,0,4,2
1047,,3,0,2,1,0,1,0
1048,,1,1,2,4,0,2,0
1049,,3,1,2,1,0,2,0
1050,,1,0,4,2,0,1,0
1051,,3,1,2,2,0,3,1
1052,,3,1,2,1,1,2,0
1053,,3,0,0,2,2,4,1
1054,,2,1,2,2,0,2,0
1055,,3,0,2,1,0,1,0
1056,,2,0,4,2,0,5,0
1057,,3,1,2,2,0,3,1
1058,,1,0,4,3,2,1,0
1059,,3,0,1,2,0,1,2
1060,,1,1,4,2,2,3,0
1061,,3,1,2,1,0,2,0
1062,,3,0,2,1,0,1,0
1063,,3,0,2,1,2,1,0
1064,,3,0,2,2,0,1,1
1065,,3,0,2,1,2,1,0
1066,,3,0,3,2,0,1,2
1067,,2,1,1,2,0,2,1
1068,,2,1,1,2,0,2,0
1069,,1,0,5,3,2,1,1
1070,,2,1,3,2,0,3,1
1071,,1,1,6,3,2,3,1
1072,,2,0,2,2,0,1,0
1073,,1,0,3,3,2,1,1
1074,,1,1,1,3,0,3,1
1075,,3,0,2,1,1,1,0
1076,,1,1,2,4,2,3,1
1077,,2,0,3,2,0,1,0
1078,,2,1,2,2,0,2,1
1079,,3,0,1,1,0,1,1
1080,,3,1,2,3,0,2,2
1081,,2,0,3,2,0,1,0
1082,,2,0,3,2,0,1,1
1083,,1,0,4,2,0,1,0
1084,,3,0,1,2,0,4,1
1085,,2,0,6,2,1,1,0
1086,,2,0,0,2,0,4,1
1087,,3,0,3,1,0,1,0
1088,,1,0,0,3,2,4,1
1089,,3,1,1,1,0,2,0
1090,,2,0,2,1,0,1,0
1091,,3,1,2,1,0,3,0
1092,,3,1,2,2,1,2,0
1093,,3,0,0,2,0,4,1
1094,,1,0,4,4,2,5,1
1095,,2,1,0,2,0,2,1
1096,,2,0,2,1,0,1,0
1097,,1,0,4,2,2,1,0
1098,,3,1,3,1,1,2,0
1099,,2,0,2,1,0,1,0
1100,,1,1,3,2,2,2,0
1101,,3,0,2,1,0,1,0
1102,,3,0,3,2,0,1,0
1103,,3,0,2,1,0,1,0
1104,,2,0,1,3,0,1,0
1105,,2,1,5,2,0,3,1
1106,,3,1,3,1,0,2,2
1107,,1,0,4,3,0,1,0
1108,,3,1,2,1,1,2,0
1109,,1,0,5,4,0,1,1
1110,,1,1,4,4,2,3,1
1111,,3,0,2,1,0,1,0
1112,,2,1,2,2,2,2,1
1113,,3,0,2,1,0,1,0
1114,,2,1,2,1,0,3,0
1115,,3,0,2,1,0,1,0
1116,,1,1,5,2,2,3,0
1117,,3,1,2,2,2,3,1
1118,,3,0,2,1,0,1,0
1119,,3,1,2,1,1,2,0
1120,,3,0,3,2,0,1,0
1121,,2,0,3,2,0,1,0
1122,,2,0,1,3,0,1,0
1123,,1,1,2,2,0,2,0
1124,,3,0,2,1,0,1,1
1125,,3,0,2,1,1,1,0
1126,,1,0,3,3,2,1,1
1127,,3,0,1,1,0,1,0
1128,,1,0,6,3,2,1,1
1129,,3,0,1,1,2,1,0
1130,,2,1,1,2,0,2,1
1131,,1,1,4,3,2,3,1
1132,,1,1,5,2,2,3,0
1133,,2,1,4,2,0,3,1
1134,,1,0,4,3,2,1,1
1135,,3,0,2,1,0,1,0
1136,,3,0,2,2,0,4,1
1137,,1,0,4,3,0,1,1
1138,,2,1,2,2,0,3,0
1139,,2,0,4,2,0,1,1
1140,,2,1,2,2,0,3,1
1141,,3,1,2,2,2,3,1
1142,,2,1,0,2,0,2,1
1143,,3,0,1,1,0,1,0
1144,,1,0,2,3,2,1,1
1145,,3,0,2,1,0,1,0
1146,,3,0,3,1,0,1,0
1147,,3,0,2,1,0,1,0
1148,,3,0,2,1,1,1,0
1149,,3,0,2,1,0,1,0
1150,,2,1,1,2,0,2,0
1151,,3,0,2,1,0,1,0
1152,,3,0,3,2,0,1,1
1153,,3,0,2,1,0,1,0
1154,,2,1,2,2,0,3,1
1155,,3,1,0,2,0,2,1
1156,,2,0,2,2,2,1,0
1157,,3,0,2,1,0,1,0
1158,,1,0,4,0,0,1,0
1159,,3,0,2,1,0,1,0
1160,,3,1,2,1,0,2,0
1161,,3,0,1,1,0,1,0
1162,,1,0,4,3,2,1,0
1163,,3,0,2,1,1,1,0
1164,,1,1,2,3,2,3,1
1165,,3,1,2,2,1,2,1
1166,,3,0,2,1,2,1,0
1167,,2,1,1,2,0,2,1
1168,,2,0,2,1,0,1,0
1169,,2,0,3,2,0,1,1
1170,,2,0,2,2,0,1,1
1171,,2,0,2,1,0,1,0
1172,,3,1,2,1,0,2,0
1173,,3,0,0,2,0,4,1
1174,,3,1,2,1,1,2,0
1175,,3,1,0,2,2,2,1
1176,,3,1,0,2,0,2,1
1177,,3,0,3,1,0,1,0
1178,,3,0,2,1,0,1,0
1179,,1,0,2,3,0,1,1
1180,,3,0,2,1,2,1,0
1181,,3,0,2,1,0,1,0
1182,,1,0,4,2,0,1,0
1183,,3,1,2,1,1,2,0
1184,,3,0,2,1,2,1,0
1185,,1,0,5,3,0,5,1
1186,,3,0,3,1,0,1,0
1187,,3,0,2,1,0,1,0
1188,,2,1,0,3,2,2,1
1189,,3,0,2,2,2,1,1
1190,,1,0,2,3,0,1,0
1191,,3,0,2,1,0,1,0
1192,,3,0,3,1,0,1,0
1193,,2,0,2,2,2,1,0
1194,,2,0,4,2,0,1,1
1195,,3,0,2,1,0,1,0
1196,,3,1,2,1,1,2,0
1197,,1,1,6,2,0,3,1
1198,,1,0,2,4,0,1,1
1199,,3,0,0,1,0,4,1
1200,,1,0,5,3,0,1,1
1201,,3,1,4,2,0,3,1
1202,,3,0,1,1,0,1,0
1203,,3,0,2,1,2,1,0
1204,,3,0,2,1,0,1,0
1205,,3,1,3,1,1,2,0
1206,,1,1,5,3,2,3,0
1207,,3,1,1,1,1,2,0
1208,,1,0,5,4,2,1,1
1209,,2,0,1,1,0,1,0
1210,,3,0,2,1,0,1,0
1211,,2,0,2,2,0,1,1
1212,,3,0,2,1,0,1,0
1213,,3,0,2,1,2,1,0
1214,,2,0,2,2,0,1,0
1215,,1,0,3,2,0,1,0
1216,,1,1,3,4,0,2,0
1217,,3,0,2,1,0,1,0
1218,,2,1,1,2,0,2,1
1219,,1,0,4,3,2,1,0
1220,,2,0,2,2,0,1,1
1221,,2,0,2,2,0,1,0
1222,,2,1,4,2,0,3,1
1223,,1,0,3,2,2,1,0
1224,,3,0,2,1,2,1,0
1225,,3,1,1,2,2,3,1
1226,,3,0,2,1,0,1,0
1227,,1,0,2,2,0,1,0
1228,,2,0,3,2,0,1,0
1229,,3,0,3,1,2,1,1
1230,,2,0,2,2,0,1,0
1231,,3,0,2,1,2,4,0
1232,,2,0,1,1,0,1,0
1233,,3,0,3,1,0,1,0
1234,,3,0,2,3,0,1,2
1235,,1,1,5,4,2,3,1
1236,,3,0,2,2,0,4,1
1237,,3,1,1,1,0,2,0
1238,,2,0,2,2,0,1,0
1239,,3,1,3,1,2,3,0
1240,,2,0,2,2,0,1,0
1241,,2,1,3,2,0,2,0
1242,,1,1,4,3,2,3,1
1243,,2,0,2,1,0,1,0
1244,,2,0,1,3,0,1,0
1245,,2,0,4,3,0,1,1
1246,,3,1,0,2,0,2,1
1247,,1,0,4,2,0,1,0
1248,,1,1,5,3,0,3,1
1249,,3,0,2,1,0,1,0
1250,,3,0,2,1,1,1,0
1251,,3,1,2,2,0,3,1
1252,,3,0,1,3,0,4,2
1253,,2,1,2,2,2,3,1
1254,,2,1,3,2,0,3,0
1255,,3,0,2,1,0,1,0
1256,,1,1,2,3,2,3,1
1257,,3,1,2,3,0,3,2
1258,,3,0,2,2,2,1,1
1259,,3,1,2,2,0,2,0
1260,,1,1,4,3,2,3,1
1261,,2,0,2,2,2,1,0
1262,,2,0,2,2,0,1,1
1263,,1,1,3,3,2,2,0
1264,,1,0,4,0,0,1,0
1265,,2,0,4,2,0,1,0
1266,,1,1,5,3,0,3,1
1267,,1,1,4,4,2,2,0
1268,,3,1,2,1,0,2,1
1269,,2,0,2,2,0,1,0
1270,,1,0,5,3,0,1,0
1271,,3,0,0,2,0,4,2
1272,,3,0,2,1,1,1,0
1273,,3,0,2,1,1,1,0
1274,,3,1,2,2,0,3,0
1275,,3,1,1,2,0,3,1
1276,,2,0,2,2,0,1,0
1277,,2,1,2,3,0,2,1
1278,,3,0,2,1,0,1,0
1279,,2,0,5,2,0,1,0
1280,,3,0,2,1,1,1,0
1281,,3,0,0,2,0,4,2
1282,,1,0,2,3,0,1,0
1283,,1,1,5,2,0,3,1
1284,,3,0,1,2,0,4,1
1285,,2,0,4,1,0,1,0
1286,,3,0,2,2,0,1,2
1287,,1,1,1,3,0,3,1
1288,,3,0,2,1,1,1,0
1289,,1,1,4,3,2,3,1
1290,,3,0,2,1,0,1,0
1291,,3,0,3,1,1,1,0
1292,,1,1,2,4,0,2,0
1293,,2,0,3,2,0,1,1
1294,,1,1,2,3,2,2,1
1295,,1,0,1,3,0,1,0
1296,,1,0,4,2,2,1,1
1297,,2,0,1,2,2,1,0
1298,,2,0,2,1,0,1,1
1299,,1,0,4,4,2,1,1
1300,,3,1,2,1,1,2,0
1301,,3,1,0,2,0,2,1
1302,,3,1,2,1,1,2,0
1303,,1,1,3,3,1,3,1
1304,,3,1,2,1,0,2,0
1305,,3,0,2,1,0,1,0
1306,,1,1,3,3,2,5,0
1307,,3,0,3,1,0,1,0
1308,,3,0,2,1,0,1,0
1309,,3,0,2,2,2,4,1
